{
  "trained_at": "2025-11-22T15:47:05.336682Z",
  "metrics": {
    "mae": 6087.910227473,
    "rmse": 15564.288980596953,
    "r2": 0.9649233949432472
  },
  "train_rows": 519
}