{
  "trained_at": "2025-12-06T20:31:38.243362+00:00",
  "metrics": {
    "mae": 40041.67996731612,
    "rmse": 91765.25658675407,
    "r2": -3.8566237076543946
  },
  "train_rows": 80
}